{
  "mse": 40671000467.84013,
  "rmse": 201670.52453901173,
  "r2": 0.728112531681446
}